id,name,email,nickname,credibility_scores
1,Christopher Davis,vhernandez@example.org,harrisonsuzanne,99.62
2,Elizabeth Marquez,owatson@example.net,sarawilliams,6.65
3,Chad Nguyen,vdaniel@example.org,katrina98,97.95
4,Ronald Carter,philliptaylor@example.com,monique17,70.92
5,Michael Bowman,aaronstone@example.net,juanford,83.45
6,Douglas Stewart,medinagabriella@example.net,jsantiago,86.37
7,Christopher Khan,john22@example.com,briantaylor,87.59
8,Alicia Jackson,nturner@example.net,carolyngomez,79.63
9,Justin Nelson,robinclark@example.net,scottsimpson,3.69
10,Gary Peterson,mlogan@example.org,marshtyler,16.05
11,Lindsay Sheppard,burnettbryan@example.net,solomonnathan,38.76
12,Daniel Williams,scottbrian@example.com,alan68,43.72
13,Laura Day,robertkim@example.org,carl02,65.88
14,Mark Perez,ryan35@example.com,ashleyclarke,71.14
15,Kristen Black,xali@example.org,donnamyers,28.38
16,Jeffrey Foster,amandacooper@example.org,allison61,31.68
17,Jonathan Reynolds,vellis@example.net,stanley39,46.58
18,Eileen Cox,jessica79@example.net,garciacynthia,72.31
19,Megan Perez,cdavis@example.net,johnsonmaureen,54.42
20,Dr. William Burnett,stephen08@example.net,simmonsbrandi,92.75
21,Christopher Austin,javierfisher@example.org,erica87,49.03
22,Tony Friedman,ashley36@example.org,brian21,37.03
23,Ariana Torres,mkelley@example.com,ubaxter,92.63
24,Jacqueline Guerra,smiranda@example.com,alvaradomichelle,56.19
25,Joseph Ryan,oliversara@example.com,shawnoneal,35.32
26,Brittany Lee,batesjames@example.org,kroberts,65.72
27,Stephanie Santiago,bradleyalexander@example.org,stephanie45,52.36
28,Catherine Bowers,smithalexandra@example.net,msanders,24.46
29,Donald Johnson,jeremypowell@example.com,fsalas,90.52
30,Alexander Miller,sandramiller@example.org,austinjackson,85.88
31,Patricia Young,rosephyllis@example.net,brucerichard,87.62
32,Shawna Travis,reginapennington@example.net,santiagokathy,30.32
33,Daniel Tucker,jonestina@example.org,wendymurray,10.31
34,Ryan Li,aescobar@example.net,reidkristin,3.81
35,Christopher Jackson,virginia89@example.com,erikaherring,78.67
36,April Taylor,mariacline@example.net,ujohnson,61.64
37,Jillian Ramirez,dmitchell@example.com,jmitchell,88.31
38,Tiffany Forbes MD,ronaldthompson@example.com,courtney25,78.82
39,William Mathews,xfoster@example.org,reednatasha,85.86
40,Justin Howell,stantondebbie@example.net,gonzalesjose,11.69
41,Sandra Weaver,joseph99@example.net,anthony10,13.58
42,Matthew Tran,rivasaaron@example.com,hwagner,55.43
43,Melissa Foley,wheelermark@example.com,wrightstephanie,56.67
44,Jonathan Campbell,barbararichard@example.org,julie57,77.1
45,Michele Rivera,garzapatricia@example.org,natalie18,33.42
46,Dalton Finley,michael44@example.net,dana28,26.67
47,Brooke Moore,matthew76@example.org,ryan94,14.36
48,Steven Levine,hunterdawn@example.net,smorgan,26.09
49,Tara Willis,blake44@example.org,lewisrebecca,43.0
50,Robert Whitney,mark43@example.com,cruzkatherine,39.65
51,Matthew Tucker,fergusonmatthew@example.org,williamskatherine,19.38
52,Matthew Sampson,phess@example.org,kevinsimon,86.39
53,Sarah Powell,guerralisa@example.com,christophergomez,69.57
54,Alyssa Conway MD,amyjimenez@example.org,xthompson,7.46
55,Michael Baird,michaelrasmussen@example.net,aaron14,24.11
56,Joseph Rojas,susan12@example.net,wangsandra,68.53
57,Wanda Powell,hhaas@example.com,lespinoza,43.57
58,Christopher Cruz,xproctor@example.net,walterskevin,74.7
59,Jonathan Hall,amandabarnett@example.com,donald95,82.45
60,Kathleen Weaver,josephrobertson@example.com,christopher95,8.55
61,Timothy Hanson,rogersrichard@example.org,davistheresa,68.4
62,Cathy Weaver,townsendtimothy@example.org,kathryn08,9.22
63,Heather Walton,justinbridges@example.com,hudsonjeffery,1.15
64,Eric Friedman,kevin24@example.org,ssanchez,9.51
65,Richard Skinner,michael01@example.com,steven48,87.39
66,Billy Diaz,llee@example.net,jmaxwell,76.52
67,Joyce Anderson,hmcmillan@example.org,jennifer39,60.1
68,Terri Rogers,crystalhutchinson@example.org,elijahfarley,8.56
69,Lauren Cooke,proctortimothy@example.org,murrayshannon,41.86
70,Wesley Snow,johnsonphyllis@example.org,cooperroger,26.05
71,Kathleen Sanders,pcameron@example.org,ucruz,76.76
72,Michael Wong,thomas62@example.net,joseph82,19.93
73,Eric Lee,stephanie69@example.net,mreed,16.12
74,Patricia Roth,leslie29@example.org,michaelcurry,59.84
75,Sara Keller,thawkins@example.net,jonathan18,47.85
76,Scott Rice,nelsonanthony@example.net,michaelrussell,22.49
77,Ryan Faulkner,ureyes@example.net,lynn97,65.91
78,Amber Vaughn,david76@example.net,bhall,63.33
79,Brent Collins,johngarza@example.org,martha41,27.09
80,Andrea Waters,nelsonbrian@example.org,burtonjose,42.91
81,Robert Wilson,andrea12@example.net,vanessamartin,79.21
82,Curtis Mejia,ashleyfrost@example.com,emurphy,63.53
83,Michael Huber,gillcody@example.org,owensnicolas,23.2
84,Nicole Kelly,collin81@example.com,jamie53,3.49
85,Justin Peters,paula64@example.org,mark22,84.79
86,Daniel Johnson,oreed@example.net,bennettsteven,1.58
87,Phyllis Flores,williamscolleen@example.net,thomas10,7.56
88,Alisha Anderson,barneswesley@example.net,contrerasgabriel,0.28
89,Chelsea Terry,robert77@example.net,taylorprice,13.22
90,Sharon Martin,xjones@example.com,umoody,37.51
91,Jessica Pham,joshua08@example.net,tinalucas,42.97
92,Jenna Bennett,osilva@example.com,emilywilson,78.56
93,Richard Hernandez,mwhite@example.net,twilson,17.41
94,David Garcia,brittanywolf@example.com,lbrown,0.74
95,Maria Calhoun,michaelrosales@example.org,cbrown,26.06
96,Tracey Navarro,kenneth72@example.com,reyesjill,74.63
97,Robert Sharp,vjones@example.com,karenwilliams,52.89
98,David Irwin,ana20@example.net,qprice,45.25
99,Eric Moreno,shannonriley@example.com,johnroberts,88.14
100,Michael Austin,jacksonmatthew@example.com,eric59,14.4
101,Ashley Oliver,toddwong@example.org,ndawson,88.09
102,Kristina Gray,chenry@example.com,michael73,94.07
103,Jerry Nelson,jmoon@example.org,petersallison,2.04
104,Travis Jones,jasonsmith@example.net,joseph67,4.47
105,Michelle Lozano,walkermichael@example.net,beasleydaniel,51.76
106,Lisa Saunders,alejandradixon@example.net,qlewis,46.08
107,Mr. Glen Perez,aanderson@example.org,william42,13.78
108,Miranda Wood,susanjohnson@example.net,qrojas,69.16
109,Kenneth Osborn,christopherburton@example.com,salinasrussell,79.13
110,Denise Harrington,michael60@example.net,dmiles,44.71
111,Destiny Sullivan,robertsonchristopher@example.org,kennethschultz,40.97
112,Susan Santos,kellyturner@example.org,ievans,23.93
113,Renee Quinn,wigginsamy@example.org,michael70,45.6
114,Jason Brown,nwilliamson@example.com,nathanielgonzales,29.91
115,Jean Austin,michele87@example.org,xmartinez,44.02
116,Kathleen Mathews,laurenrogers@example.com,garciaemily,67.56
117,Maria Lopez,paula47@example.com,simsjacob,65.2
118,James Bauer MD,ebyrd@example.net,wbradley,63.36
119,Nathaniel Harrison,steven61@example.com,kathleen23,97.18
120,Emily Tyler,shawnhicks@example.org,glee,86.54
121,Matthew Martin,johnprice@example.com,smithanne,73.01
122,Martin Rosales,christine34@example.net,isaacthomas,40.58
123,Tommy Hayes,nathanielhernandez@example.net,hallchristina,10.7
124,Angela Simon,cunninghamdiamond@example.com,robert38,71.37
125,Russell Galvan,bvang@example.org,gpotter,34.65
126,Robert Williams,wrightkaren@example.net,smithdennis,83.69
127,Denise Smith,luisjohnson@example.net,zperry,49.71
128,Marc Jordan,erodriguez@example.org,justin80,28.6
129,Dr. Maria Miller,lindseyanderson@example.org,hillandrew,13.71
130,James Spencer,mallory81@example.com,matthew09,13.47
131,Cheryl Cruz,pamelabailey@example.org,jon31,3.17
132,Deborah Smith,anna70@example.org,uwilcox,76.17
133,Kenneth Knight,medinagabriel@example.com,christina42,45.88
134,Stanley Wall,sbailey@example.net,michelle45,71.31
135,Brett Simmons,ralph20@example.net,bmann,53.73
136,Deanna Glover,tonya59@example.net,christopher44,5.29
137,Jeremy Brown,herreraderek@example.com,elizabeth16,17.16
138,Sherry Stokes,emilywatts@example.org,dustin84,42.55
139,Alexis Cline,peggyshepherd@example.com,megan02,35.88
140,Theresa Whitney,calebguerrero@example.net,mathewssamuel,71.91
141,Linda Cunningham,qtodd@example.net,clarkjennifer,91.84
142,Alyssa Hensley,mary51@example.com,ogonzalez,54.99
143,Emily Stevenson,morenofrances@example.net,adampotts,98.76
144,Ashley Wu,rogersheather@example.org,linda59,2.13
145,Joseph Sanders,carrollashley@example.net,cynthiaellis,62.53
146,Shelby Rosario,lauraashley@example.com,butlerwilliam,72.7
147,Bailey Collins,jamiedavidson@example.com,brightconnie,70.27
148,Leslie Curry,patricksalazar@example.com,ericrodriguez,66.95
149,Nancy Hunt,jeffrey54@example.net,harrisondeanna,60.93
150,Kristen Ferguson,rdunn@example.org,connie90,92.24
151,Lisa Harvey,dorothy51@example.org,hamptonrobert,63.62
152,Thomas Walker,michael45@example.org,michelleolson,53.83
153,Diana Reyes,lori53@example.org,ftrevino,78.26
154,Kim Hicks,travistaylor@example.org,xgutierrez,8.83
155,Angel Harris,steventurner@example.org,kperry,62.02
156,Derrick Irwin,gallegosnichole@example.net,nicole89,66.23
157,Amanda Lynn,jose21@example.net,cantuashley,91.82
158,Whitney Macias,cwalker@example.net,munozjerry,64.5
159,Michael Wilson,egarcia@example.org,xsmith,71.04
160,Shannon Smith,butlerbrian@example.org,karen20,75.92
161,Calvin Lewis,ecarter@example.net,justindiaz,50.76
162,Terry Peterson,cheryl81@example.com,rsimpson,33.07
163,Crystal Ruiz,brewertyler@example.net,fuentesbrandon,1.02
164,Sherri Hicks,elizabethedwards@example.com,danielle29,73.76
165,Michelle Rogers,jboyd@example.net,tinaking,4.4
166,John Fowler,cannonpatricia@example.com,haleybarrett,43.34
167,Terry Jones,thomasdean@example.net,amartinez,62.63
168,Kelsey Williams,lisawalker@example.com,clarkcrystal,79.97
169,Joseph Thomas,bbradford@example.org,jonathanmorrow,14.93
170,Elizabeth Anderson,carol18@example.org,castilloanthony,26.47
171,Maria Simon,atkinsjack@example.org,antonio42,9.33
172,Randy Kim,michael14@example.org,fmiller,19.64
173,Wendy Dunn,blackwelllauren@example.org,hcurtis,66.83
174,Beth Webb,jennifer46@example.com,saundersrebecca,91.57
175,Jennifer Conley,murillocindy@example.com,jgaines,0.91
176,Edward Mora,loganspencer@example.org,leonard19,30.36
177,Adam Barry,hallerin@example.org,hamptonsarah,20.33
178,Melissa Washington,joseedwards@example.net,christophermorris,81.09
179,Douglas Collins,brownconnie@example.org,jasonwallace,30.21
180,Heather Harrington,jamesgraham@example.net,fieldsveronica,8.68
181,Grace Campbell,tylerbowman@example.com,aprilbell,25.22
182,Cynthia Maldonado,hwalker@example.net,alvinmorgan,47.95
183,Christine Perry,robertsnicholas@example.org,richard01,26.43
184,Kathryn Mack,bskinner@example.com,codywalls,6.35
185,Edward Savage,lorimoran@example.org,edwardsjoshua,18.48
186,Deanna Gallegos,ashley29@example.net,jimgarza,65.03
187,William Mcclure,anne25@example.net,anthony55,89.53
188,John Snyder,dustinmartin@example.org,victor64,27.86
189,Travis Foster,ianjohnson@example.org,mcmillankimberly,10.29
190,Katrina Cabrera,kramerdavid@example.org,wayneclark,75.84
191,Jason Roberts,mark17@example.net,jasonhill,11.9
192,Amy Wood,mooneywendy@example.com,jimguzman,14.39
193,Megan Jarvis,shanerivers@example.com,derekgarner,42.88
194,Scott Johnson,laura28@example.com,sevans,67.17
195,Kimberly Smith,bowmanmegan@example.org,penny88,9.18
196,Caitlin Sharp MD,uwade@example.com,anthonytorres,65.02
197,Meagan Cantu,angela22@example.com,davidparker,19.88
198,Rickey Grant,christine33@example.net,brittany84,14.03
199,James Johnson,katherinechung@example.org,bpacheco,50.84
200,Kathleen King,aaronpaul@example.org,eparrish,15.49
201,Claudia Allen,mowens@example.org,barrondaniel,66.63
202,Samantha Li,brennanmichael@example.net,spencermichael,26.12
203,Briana Campbell,pchang@example.com,theresacook,9.57
204,Peter Garcia,austin70@example.org,emoore,88.63
205,Hailey Mclaughlin,benjaminmcmahon@example.com,ulittle,24.44
206,Mary Cole,jennifersims@example.net,xanderson,19.64
207,Jeffrey Farrell,kimberly77@example.org,rvaughn,2.43
208,Zachary Marsh,karen83@example.com,michaelwarren,9.4
209,Timothy Nichols,marylawrence@example.org,cberger,83.57
210,Maria Lynch,hernandezjacqueline@example.com,rconner,9.21
211,Samantha Jackson,melissa50@example.com,cunninghamanthony,2.44
212,Jasmine Terry,pcalderon@example.net,tammysharp,63.43
213,Justin Nunez,paul22@example.org,brandi65,1.56
214,Dr. Christopher Savage MD,collinschristopher@example.com,philliphodge,33.6
215,Laura Stone,kgibson@example.net,stephanie96,47.94
216,Adam Morales,jacob62@example.net,mark75,32.4
217,Amanda Roman,burnswesley@example.com,pdudley,52.37
218,Matthew Simpson,mariosmith@example.org,crawfordchristopher,32.84
219,Calvin Mejia,leonardrodriguez@example.net,stefanie09,78.87
220,Laura Brown,apeterson@example.org,gonzalezthomas,31.18
221,Cheryl Townsend,shawnreed@example.net,jenniferwalker,80.56
222,Jeanne Mendez,michael72@example.com,llong,68.94
223,Joshua Barnes,qlynch@example.com,sarah24,84.55
224,Robert Webb,jimmy71@example.com,johnsondiana,64.09
225,Julia Williams,harveyeric@example.com,carolyn44,10.47
226,Miss Valerie Quinn MD,zholland@example.com,jacksonelizabeth,55.6
227,Brianna Sandoval,mooreluke@example.com,matthew09,87.53
228,Cindy Vasquez,grahamcynthia@example.org,patriciasmith,5.5
229,Timothy Garcia,luis44@example.org,juan78,38.77
230,Jake Schwartz,tpowers@example.com,amanda65,54.9
231,Tonya Rios,shanekelly@example.org,mariapacheco,9.7
232,Kenneth Moses,katherine79@example.org,michael25,74.1
233,Brandy Hicks,ugonzalez@example.net,stephaniehunter,4.56
234,Jeanne Jordan,bvillarreal@example.net,hdavis,29.41
235,Brett Freeman,sherrymiller@example.com,jonathan65,11.07
236,William Harvey,jasonalvarez@example.net,pamela14,49.03
237,Tamara Meyers,caldwelltina@example.com,todd52,99.15
238,Vanessa Robinson,gabriel02@example.com,jason50,56.54
239,Carol Rodriguez,vegarobert@example.net,ycollins,90.67
240,Lori Nelson,nhaney@example.net,matthewdaniel,0.92
241,Tyler Wang,riverajeremy@example.com,ihughes,98.72
242,Anthony Haas,imoore@example.net,wbriggs,24.47
243,Lori White,erica88@example.org,mmoore,36.86
244,Jessica King,codonnell@example.com,nancyburnett,30.69
245,Brooke Collins,ebrock@example.net,cohencindy,95.17
246,Karen Yang,spearsdean@example.net,glewis,69.68
247,Brandi Todd,maria27@example.com,donald22,89.21
248,Daniel Griffith,pamelawilson@example.net,johnsonandrea,80.09
249,Amber Cruz,catherine03@example.net,jason69,75.12
250,Carmen Stevens,ztaylor@example.org,rickyrice,71.14
251,Ashley Garner,mrogers@example.org,halldonald,95.88
252,Shawn Robinson,tmendoza@example.net,matthew42,62.02
253,Vincent Watson,paula36@example.net,martin31,77.16
254,Damon Haley,pmiller@example.net,schmidtcassandra,77.23
255,Rachel Downs,pearsonruth@example.org,beardfrancis,60.42
256,Megan Johnson,watsonhunter@example.net,peterkelley,15.86
257,Jaime Hanson,jon82@example.net,michaelfrederick,0.75
258,Frederick Juarez,jamescampbell@example.org,morgannguyen,23.68
259,David Silva DDS,johnsonjohn@example.net,apitts,84.03
260,Darlene Flores,karenknight@example.org,caitlin62,42.2
261,David Allen,charles23@example.org,thomashill,72.69
262,Bethany Martin,hlewis@example.org,vnichols,62.09
263,Christina Johnson,wwallace@example.net,nicholas65,12.68
264,Danielle Cummings,richardcook@example.org,toni60,46.0
265,Amanda Henry,rmoore@example.com,zrose,40.66
266,Aaron Aguilar,lauren51@example.com,khankristin,89.54
267,Tracey Mcgee,millerheidi@example.com,scottfernandez,42.93
268,Jose Cowan,samantha85@example.net,lewissteven,32.07
269,Lori Bell,davidjackson@example.com,paige83,55.88
270,Hannah Shaw,maurice05@example.org,irich,10.07
271,Thomas Gentry,lwilson@example.net,ocalderon,85.66
272,Jennifer Braun,zgibson@example.com,hayesjesse,51.14
273,Timothy Bowen,jeremynorton@example.net,sullivanrobert,9.96
274,Monica Williams,johnsonhannah@example.net,josephpowell,80.49
275,Brandon Evans,csmith@example.com,mmorales,63.93
276,Ashley Patterson,ricetaylor@example.org,opeterson,54.92
277,Lisa Kelley,peter43@example.org,alexispierce,25.01
278,Joseph Jones,hendrixdavid@example.org,allencole,20.07
279,Jennifer Lopez,qluna@example.net,melody56,50.86
280,Randy Lyons,lpalmer@example.org,santanacharles,78.8
281,Lorraine Preston,christensenlee@example.com,erubio,65.97
282,Cindy Hines,stephensonrenee@example.net,lsavage,87.51
283,Phyllis Hale,obond@example.net,johnsmith,64.95
284,Miranda Williamson,rachelkeller@example.com,patelzachary,8.78
285,Jennifer Larson,loretta02@example.net,underwoodalec,46.87
286,Corey Johnson,mullinsandrea@example.org,annaneal,67.39
287,James Marshall,aflores@example.net,yunderwood,13.53
288,Douglas Li,hcohen@example.com,carlsongerald,17.33
289,Timothy Smith,justin89@example.com,michael78,31.54
290,Alan Thomas,stuartnathan@example.org,linda63,75.87
291,Veronica Moore,heathervazquez@example.org,petersonchristopher,38.08
292,Anthony Cruz,mary19@example.org,ralph43,26.98
293,Ryan Anderson,snyderjohn@example.org,xwarren,63.82
294,Crystal Newton,fgarcia@example.net,oliverjason,96.75
295,Paula Marquez,richardsanchez@example.org,julia06,83.59
296,Jorge Gates,xcallahan@example.com,cortezbrandon,65.75
297,Kristen Brown,kelli93@example.com,smithrebecca,43.98
298,Jacqueline Roberts,kirkamanda@example.org,kari73,93.78
299,Roy Beck,donhowe@example.org,johnsonmichael,45.79
300,Jacob Andrews,rrios@example.com,orozcokari,19.5
301,Christopher Koch,kyle28@example.org,seanrichardson,3.35
302,Gregory Gomez,mlopez@example.net,brenda21,59.75
303,Kayla Campbell,anthonyprice@example.net,jason66,87.73
304,Steven Holden,mckinneydavid@example.org,rebeccabecker,36.83
305,Michael Williams,douglasjoanna@example.org,chandlerwilliam,40.67
306,Andrew Thomas II,katherinerobinson@example.net,bartlettjoseph,14.11
307,Jake Mcdowell,maryjackson@example.com,ealvarez,90.7
308,Eric Jackson,justin21@example.net,christiantanya,68.8
309,Albert Townsend,angelaandersen@example.com,williamberry,27.52
310,Jeremy Melton,veronica54@example.net,robert53,6.82
311,Megan Williams,james09@example.net,wattsmegan,22.82
312,Timothy Riddle,johnsonleslie@example.org,benjaminharrison,45.13
313,Jeremy Malone,uenglish@example.org,simmonsmegan,79.71
314,Elizabeth Harris,fmoreno@example.net,shortchristy,83.75
315,Lisa Turner,melissa64@example.com,yukenneth,91.53
316,Alicia Smith,linda23@example.com,amy23,6.01
317,Derrick Graves,allenjennifer@example.org,emilyjohnson,53.23
318,Rachel Hicks,lgriffin@example.com,david38,15.2
319,Virginia Martin,mlandry@example.net,nicolefletcher,78.19
320,Sean Mcdonald,nicolejohnston@example.org,steven22,17.38
321,Angela Snow,brightkristina@example.com,cole20,42.65
322,Lisa Nguyen,srivera@example.com,shannon94,87.66
323,Kenneth Watson,higginsbrandon@example.com,nhiggins,49.56
324,Rachel Alvarez MD,ahart@example.com,robinsonlaura,12.48
325,David Atkinson,amandacarpenter@example.net,kelleydanny,78.41
326,Jonathan Johnson,hutchinsoncaroline@example.net,zcampbell,34.46
327,Michael Jennings,susan54@example.com,jcamacho,53.5
328,Grace Vasquez,theresamitchell@example.net,erika18,53.48
329,Mark Newton,christina97@example.net,sanchezjose,66.91
330,Thomas Page,alan80@example.com,iparrish,82.48
331,Charles Roberts,jmartinez@example.com,gonzalezkeith,66.41
332,Pamela Bates,kevin88@example.net,qcollier,75.09
333,Natasha Warren,warrenschwartz@example.net,hawkinsmatthew,66.95
334,Anita Anderson,handerson@example.com,carrkeith,42.23
335,Alexander Jones,linda09@example.com,crystal74,5.83
336,Maria Cox,johncastillo@example.com,estesalex,94.82
337,Matthew Lewis,hartjeffrey@example.org,richard57,48.62
338,Toni Richmond,davidschmidt@example.com,max16,74.82
339,Grant Dillon,michaelford@example.com,taylorwesley,73.66
340,William Woods,olsonanthony@example.com,mjohnson,29.51
341,Leslie Reeves,judithbrock@example.com,chasebaker,1.68
342,Melissa Torres,brookssandra@example.org,qjensen,95.29
343,Beverly Sanchez,ecampos@example.org,lhayes,74.74
344,Cynthia Espinoza,goodmanrebecca@example.net,david74,39.51
345,Thomas Jackson,barbergina@example.net,twalsh,68.35
346,Matthew Carter,jeffrey03@example.com,nmerritt,32.01
347,Sarah Gonzales,smiller@example.org,williamscasey,27.83
348,Brandon Jones,marisa11@example.org,jamesmorales,38.48
349,Katherine Holland,william68@example.com,beverly90,21.01
350,Mrs. Melissa Lawson,gibsonjustin@example.org,jeffreyreynolds,48.94
351,Henry Buck,guerreromichael@example.org,kristen48,60.54
352,William Sanchez,wallaceangela@example.net,hmurphy,29.89
353,Ashley Salazar,cmorgan@example.org,jarmstrong,32.29
354,Michael Baker MD,austinfields@example.com,iwhite,35.15
355,Jennifer West,opowell@example.org,melanie44,13.11
356,Christopher Mccann,angela45@example.net,mikaylacrosby,81.23
357,Melissa Poole,oconnorrobert@example.org,kelly56,51.09
358,Ashley Robertson,sandra33@example.net,grahambrian,87.23
359,Daniel Barber,marie50@example.com,kruegerjose,3.39
360,Jamie Moore,cnash@example.net,jose44,25.76
361,Brittany House,zacharyramos@example.net,kthomas,19.78
362,Desiree Fernandez,donaldcarr@example.org,gwashington,94.33
363,Michael Conley,christina60@example.com,donnanelson,89.39
364,Eric Moore,rmorris@example.com,lbell,82.84
365,Jon Francis,anthony49@example.org,sherriyoung,51.63
366,Mr. John Woods,smithdustin@example.org,davismatthew,77.59
367,Paige Bender,amanda33@example.com,hedwards,87.85
368,Jeffrey Simmons,victoriamorrison@example.net,nbraun,57.07
369,Janice Moran,amandacastillo@example.com,kellyjoshua,5.89
370,Emily Boyd,jyoung@example.net,matthewjackson,88.23
371,Linda Long,jessicagomez@example.org,nthomas,10.43
372,Eduardo Rios,monicalane@example.net,ofernandez,70.34
373,Kara Davis,josephdiaz@example.net,marcia44,31.68
374,William Colon,amywhitehead@example.net,franciscomanning,27.69
375,Anna Gomez,brendan62@example.com,wdiaz,84.36
376,Thomas Walter,htaylor@example.com,suzannesantana,15.07
377,Angel Sutton,xgray@example.net,fmora,74.36
378,Mrs. Laura Butler,annette56@example.com,lori56,47.16
379,David Fernandez,bbryant@example.net,markolson,52.02
380,Katherine Stevens,matthewwatson@example.org,oschultz,8.5
381,Summer Rodriguez,sharonhobbs@example.net,jennifer22,80.58
382,Misty Sanders,stephaniestrong@example.net,khamilton,38.84
383,Robert Wyatt,kerrypatel@example.net,spencer22,70.55
384,Jeremy Smith,michael78@example.net,alexandrialowery,11.51
385,Mrs. Patricia Mitchell MD,jenna34@example.net,amyortega,80.1
386,Joshua Jordan,simonandrea@example.com,theresavasquez,60.39
387,Dominique Willis,alvarezdon@example.com,villarrealangela,12.22
388,Cody Soto,robinmorse@example.com,hansondanielle,18.51
389,Mark Robinson,matthew27@example.org,kmack,19.72
390,Virginia Arroyo,bwalls@example.net,eric76,78.37
391,Christopher Pham,jessica64@example.com,anitasanchez,9.67
392,Gloria Butler,hogandonna@example.org,davidwilliams,74.75
393,Brittany Mills,nicole20@example.org,kmoore,39.74
394,Donald Goodwin,tina06@example.org,stevenmcgee,24.73
395,Keith Clark,mollyprice@example.net,julia39,59.23
396,Vanessa Rasmussen,anthony47@example.net,kenneth26,32.84
397,John Daniel,zwagner@example.org,justin76,32.62
398,John Smith,hopkinsdeanna@example.net,cynthiamartinez,17.32
399,Theresa Jordan,erin45@example.org,robertsjustin,91.12
400,Maureen Shaw,ericasmith@example.net,ychavez,75.54
401,Austin Brown,christopher71@example.net,gnorris,2.7
402,Shane Lamb,dawn57@example.com,erin75,10.78
403,Teresa Gomez,louislopez@example.org,whiteamber,10.41
404,David Scott,justinsanchez@example.net,logan02,96.97
405,Mary Lang,msmith@example.com,smithandrew,4.49
406,Nathaniel Nelson,antonionelson@example.org,santosjoel,7.71
407,Luis James,caseyhannah@example.com,idennis,49.44
408,Cristian Morgan,frostanna@example.org,rclark,69.93
409,Yvonne Rice,stonesteven@example.com,katie70,43.12
410,Lauren Santos,patrick88@example.com,warechristine,81.49
411,James Martin,michael35@example.net,huffjulia,78.36
412,Nancy Peters,lisadickerson@example.net,kristen81,87.76
413,Robert Patterson,heidi54@example.com,mmoyer,94.6
414,Gregory Li,bradley70@example.org,phillipreeves,19.32
415,Justin Ramirez,johnfinley@example.org,madams,18.9
416,Nathan Hamilton,jasminetorres@example.com,davidgibson,74.57
417,John Rodriguez,brownanthony@example.com,joshua79,68.08
418,Keith Franco,allenmiguel@example.com,rogersrandall,90.68
419,Matthew Hampton,kevinvasquez@example.com,nataliejackson,92.65
420,Angie Simpson,abaxter@example.org,sarah05,82.98
421,Nicholas Lynn,robersonanthony@example.com,johnsonsharon,83.75
422,Andrew Reynolds,justinhobbs@example.net,mitchellnicole,75.58
423,Mr. Roger Duke,ncastaneda@example.net,sergioturner,82.79
424,Jessica Pennington,tbrown@example.net,samanthabradshaw,13.85
425,Michael Glenn,martin53@example.org,othomas,67.76
426,Cheryl Church,agonzalez@example.org,kathryn74,97.27
427,Kelli Farmer,vanessa35@example.org,barry74,81.9
428,Alexander Green,walkerdavid@example.org,meredithhiggins,50.83
429,Brandon Mccormick,andreaalvarez@example.com,kbrown,75.91
430,Denise Baxter,xmitchell@example.net,prichards,25.49
431,Elizabeth Peters,iyoung@example.com,rrussell,90.19
432,Tony Harrison,natasha44@example.net,david02,44.4
433,Cassandra Nguyen,daniel10@example.org,walterandrea,75.47
434,Samuel Thompson,ztyler@example.net,sallyferguson,83.78
435,Ebony Brock,mckinneyryan@example.com,marthamcdonald,84.7
436,Derek Gonzalez,karl44@example.com,paulstout,93.87
437,Crystal Vasquez,tcurtis@example.net,ana01,4.65
438,Stacey Navarro,athompson@example.com,scottjohnson,8.06
439,Sheila Potter,udavis@example.com,owhite,82.37
440,Allison Parker,kayla26@example.net,ramirezjeffrey,42.05
441,Phillip Torres,kimberly08@example.net,zweiss,55.89
442,James Bowman,kimberly88@example.org,alexistravis,97.72
443,Sarah Taylor,hamiltonglenda@example.net,chambersdeborah,10.69
444,Nathaniel Tanner,pfrost@example.net,harveyshannon,0.39
445,Dana Williams,susan11@example.com,dorseyronnie,79.43
446,Christopher Porter,cwest@example.com,fieldsrobert,62.54
447,Ronald Torres,hwilliams@example.org,xowens,9.72
448,Gabriel Thornton,williamgregory@example.net,lawrencechristopher,70.15
449,Alyssa Ramirez,fbailey@example.net,fcarlson,94.62
450,Cheryl Mercado,smithconnor@example.com,woodsstephanie,73.79
451,Henry Johnson,lisa57@example.net,marktrevino,58.94
452,Nicholas Zamora,craigbrittany@example.net,parkerjennifer,16.37
453,Jeffrey Hayes,kjones@example.org,spowell,77.91
454,Barbara Frederick,amber47@example.com,padillajeremy,69.0
455,Erin Ward,emilywilkinson@example.org,sosaanthony,10.29
456,James Miller,pmendoza@example.org,bgonzalez,49.36
457,Beverly Weaver,kathleen86@example.org,rhodessandra,70.34
458,Carrie Foster,carneykrystal@example.org,washingtonjoshua,2.35
459,Andrew Maxwell,megan63@example.com,ashleyberry,68.37
460,George Reeves,joseph17@example.com,zachary23,32.51
461,Rodney Gilbert,johnmontoya@example.net,angelicaallen,79.67
462,Zachary Jacobson,christopherhill@example.net,jason31,6.74
463,Edward Farley,shelly95@example.net,michelle96,35.42
464,Jackie Wilson,robert83@example.net,taylorbrooke,36.55
465,Jonathan Fernandez,sheila09@example.org,emily40,46.11
466,Thomas Davis,russelldavid@example.net,robert56,58.02
467,Daniel Martin,eddie64@example.com,toni90,90.09
468,Amanda Lee MD,barbararamirez@example.net,carolynholland,44.88
469,Joshua Sheppard,hammondconnie@example.org,christina39,42.44
470,Jacob Johnson,amanda13@example.org,david57,30.94
471,Paul Ruiz,tonya57@example.com,marc42,34.32
472,Tanya Harrison,millsrobert@example.com,mallory09,96.43
473,Brandon Short,tanyajones@example.com,joseph30,36.07
474,Douglas Price,brownkristen@example.com,kgonzales,2.01
475,Wendy Owens,vazquezkevin@example.com,chelseascott,80.71
476,Manuel Maxwell,leon55@example.com,rogerskyle,69.8
477,Brett Stevens,miguelsmall@example.com,larsonerin,17.48
478,Juan Brown DDS,rhoward@example.net,gwilson,45.37
479,Howard Smith,nlevy@example.com,kennedyashley,42.09
480,Kirsten Jones,afloyd@example.org,robert07,11.36
481,Keith Lawson,farrelltiffany@example.org,carolineriggs,74.36
482,Samantha Gonzalez,parkbenjamin@example.net,deankatherine,5.58
483,Nathan Green,connieruiz@example.net,pgreene,17.27
484,Lori Harris,campbellalyssa@example.org,fischeramy,66.3
485,Jeffrey Carpenter,dennis30@example.net,bishopandrea,5.51
486,Melanie Phillips,collinsandrew@example.com,tony61,73.91
487,Jason Cox MD,michelle44@example.com,brandylopez,71.24
488,Amanda Brown,jasonmitchell@example.com,ooconnell,58.79
489,Travis Berg,cynthiajones@example.org,michael49,86.1
490,Steven Duncan,dianasmith@example.org,xkim,8.59
491,Gabriella Hicks,uscott@example.com,ballardchristina,57.35
492,John Lambert,bridgespeter@example.org,xmccormick,29.77
493,Vanessa Leon,zhall@example.com,nicole58,40.48
494,Hector Fox,roberthorne@example.org,adaniels,33.22
495,Aaron Hanson,jonespaul@example.com,carlsonallen,88.48
496,Christina Whitehead,paulkayla@example.org,larry66,43.58
497,Christopher Mccann,dominguezashley@example.net,shannonjackson,0.34
498,Christopher Johnson,andersonjesse@example.com,morgan65,21.63
499,Micheal Dunlap,matthewward@example.org,jason94,46.41
500,Gary Kane,jadewilson@example.net,breanna78,26.3
501,Joann Wright,bkramer@example.com,suzanneglover,93.9
502,Meagan Mullen,jonathan97@example.com,christopherhughes,45.77
503,Dakota Ramirez,michael00@example.org,eroman,39.61
504,Glen Lopez,wendyharvey@example.net,gonzaleschris,33.14
505,Benjamin Freeman,yfoster@example.net,steven06,20.31
506,Jason Schaefer,anna00@example.org,lopezamanda,28.45
507,Katrina Rowland,rogerhatfield@example.net,kathy35,88.99
508,Joseph Gonzalez,millerkevin@example.net,klewis,30.3
509,Joshua Hall,david28@example.org,ijohnson,28.95
510,Theresa Perez,michaelcabrera@example.net,vanessa53,47.49
511,Joseph Owens,deborahjennings@example.org,lindamorton,49.44
512,David Glenn,seangrant@example.org,sierraedwards,51.88
513,Kevin Davis,barkeradrian@example.org,sandracarroll,64.0
514,Carrie Schneider,andrewwalter@example.com,ogonzalez,12.74
515,John Fernandez,bonnie57@example.net,robert81,51.79
516,Greg Taylor,opeck@example.net,kyle66,53.89
517,Mark Delgado,jason85@example.org,barronscott,57.17
518,Stephanie Mcgee,paulshaw@example.net,adam54,77.95
519,Zachary Scott,bgoodman@example.com,jeffreytaylor,0.47
520,Victoria Dixon,kallen@example.net,rivasantonio,13.51
521,Rhonda Boyd,steve88@example.org,leewilson,11.31
522,Jennifer Rodriguez,edwardsjesus@example.com,rrussell,93.43
523,Wendy Sherman,amypeterson@example.org,qcole,45.33
524,Patricia Schneider,brian13@example.org,patricia38,88.62
525,Scott Gardner,moorecurtis@example.org,qpena,91.61
526,Kelly Bell,dunnlaura@example.net,timothygarcia,38.3
527,Monica Todd,yjones@example.net,floydrobert,79.94
528,Melissa Mullen,martinadam@example.com,williamspamela,26.28
529,Dana Mendez,jennifer30@example.net,dhawkins,37.94
530,Lauren Rivera,alexanderboyer@example.org,pmoreno,53.49
531,Shane Jenkins,brittany49@example.org,mikephillips,12.96
532,Amy Morris,bradleyjames@example.com,amy98,56.67
533,Annette Mitchell,penasamantha@example.com,huntergutierrez,40.21
534,Lisa Sparks,rebecca77@example.net,chelseylambert,6.64
535,Dr. Taylor Fernandez,mcguirerobin@example.org,micheal98,41.38
536,Melissa Blair,ledwards@example.com,matthew92,70.81
537,Jennifer Baker,lisa19@example.net,iwest,44.06
538,Gerald Nguyen,kathyjackson@example.org,gonzalezanthony,38.73
539,Tammy Davis,adamtaylor@example.net,vargasnichole,71.74
540,Ana Adams,jmills@example.net,tprice,70.59
541,Annette Daugherty,cortezmatthew@example.org,wkent,26.09
542,Christopher Sanchez,marymoore@example.org,lisa72,68.83
543,Timothy Hines,harrygonzales@example.net,matthew84,54.46
544,Lisa Hill,obridges@example.com,aguilarjohnny,28.38
545,Jeremiah Lewis,donaldroberts@example.com,carsonedward,24.51
546,Melissa Vega,richardsbrian@example.net,james35,43.86
547,Benjamin Johnson,randyhall@example.com,qgreen,11.34
548,Tiffany Yoder,clarkrichard@example.net,christineherman,80.1
549,Monica Baker,bthomas@example.com,kingmelissa,22.14
550,Devon Schneider,timothy46@example.org,mary72,72.65
551,Danielle Martin,laurie61@example.com,margaretcollier,75.84
552,Joshua Gregory,rogersjeffrey@example.com,austinmichele,59.66
553,Alexandria Terry,bryantaaron@example.com,cheryl40,5.99
554,Amanda Roberts,lopezmichele@example.org,jeffrey07,64.25
555,Sheila Gillespie,garyfrey@example.org,mary24,35.61
556,Susan Sanchez,piercetasha@example.net,bmolina,56.52
557,Pamela Castro,samanthagordon@example.net,angela49,45.16
558,Jennifer Hess,maurice54@example.com,stephanierodriguez,73.64
559,Mark Ray,andrea90@example.net,qschultz,72.96
560,Jeffrey Caldwell,samanthashelton@example.net,hannahdavis,70.05
561,Brandon George,dayjeffrey@example.org,ramirezcharlotte,69.41
562,Amanda Stout,polsen@example.com,longsuzanne,14.73
563,Judy Anderson,garnerkeith@example.org,smithhannah,93.42
564,Heidi Schwartz,sbaker@example.com,briangomez,62.19
565,Wendy Francis,monica61@example.org,melissa43,55.75
566,Adam Gonzales,tylervelazquez@example.org,kevin73,89.72
567,Rebecca Walker,kylewilson@example.org,zjames,99.01
568,Linda Smith,allisonrogers@example.com,kallen,42.64
569,Hailey Hull,heatherriley@example.com,rushhelen,66.08
570,Robert Andrews,mcgeestephanie@example.net,salinasanthony,87.91
571,Margaret Blanchard,hthomas@example.org,seanyork,29.11
572,William Smith,chaddavis@example.com,connerjesse,76.27
573,Peter Phillips,barbarabonilla@example.com,qbrewer,89.46
574,Dennis Smith,umacias@example.org,wjohnson,9.22
575,Caleb Jones,jason61@example.net,tmiles,72.92
576,Amber Mercado,barajaspenny@example.com,tyleryoung,29.12
577,Christopher Warren,abigailwolf@example.org,rclayton,88.79
578,Benjamin Todd,willie73@example.org,tarakelley,20.66
579,Pamela Hopkins,bstewart@example.org,ramseykimberly,30.38
580,Julie Reid,lisaford@example.org,fyoung,28.75
581,Richard Fuentes,thomas86@example.com,nthomas,22.33
582,Lauren Hayes,christopherortega@example.net,jlucas,10.29
583,Christine Kemp,taylorkatherine@example.org,colemanjames,72.72
584,Amber Lin,veronicamoore@example.net,dawn53,28.62
585,Paul Owens,erin23@example.com,jacob78,38.05
586,Craig Collins,ryan73@example.com,robertdominguez,61.95
587,Juan Key,suzanne60@example.org,andrewwilliams,29.28
588,Cameron Zamora,mooredavid@example.net,rachelnunez,47.73
589,Sandra Gilbert,courtneyleach@example.com,lromero,16.18
590,Julie Thomas,skinnerjennifer@example.org,ronaldcastro,40.89
591,Kristopher Herring,yateskeith@example.org,kevin45,63.0
592,Kaitlyn Williams,shelia25@example.com,nicholas59,58.84
593,Victor Martin,kevin50@example.net,gzamora,20.23
594,Carlos Barber,rebeccasmith@example.org,jacqueline98,17.08
595,Erica King,iwatkins@example.org,moonjessica,73.31
596,James Hart,hburns@example.net,jaredyoung,23.92
597,Lisa Reyes,jennifer74@example.net,susan43,81.06
598,Stephanie Marshall,jperez@example.net,kathleenjohnson,56.49
599,Crystal Haley,patrickwatson@example.org,shelbyhaynes,11.95
600,Aaron Porter,hessvanessa@example.org,petersonkathy,43.91
601,Matthew Sanford,nguyenamy@example.org,ibrown,38.26
602,Andrew Roach,lbaldwin@example.org,scohen,62.02
603,Bryan Hamilton,haneyshelley@example.org,johnsonmichael,42.91
604,Robert Stewart,samantha67@example.org,kimberly03,33.37
605,Anna Richardson,zchang@example.org,jasonwagner,70.36
606,Anna Jackson,brewerrachel@example.net,ybarber,17.22
607,Dawn Perez,galvanchristopher@example.org,bernard48,49.08
608,Luis Sloan,megansmith@example.com,smithamy,33.56
609,Mark Webster,karen62@example.net,jamie88,23.19
610,Kyle Miller,rhonda37@example.com,ubrooks,75.02
611,David Hernandez,aharrington@example.com,talvarado,0.27
612,Brandi Clayton,hmorales@example.org,tmcdonald,97.3
613,Robert Peterson,ireyes@example.net,blankenshipelizabeth,10.8
614,Carl Lee,diaztracy@example.com,kyle14,96.1
615,Joshua Peterson,courtney54@example.org,uthompson,94.59
616,Mr. Joseph Cox PhD,nicolelewis@example.org,mccartymichael,45.78
617,Scott Chavez,kturner@example.com,estrickland,70.84
618,Amanda Watson,erica47@example.net,oliverryan,53.6
619,Grace Morrow,randalljeremiah@example.net,townsenddiana,15.91
620,Selena Cordova,phillip14@example.com,raymond00,12.86
621,Anne Gibson,rogerpena@example.com,tmartin,51.64
622,Brittany Brooks,nwillis@example.com,kimscott,69.51
623,Amy Serrano,michaellittle@example.org,jasonhurley,25.28
624,David Franklin,kevin71@example.com,ericdiaz,26.25
625,Teresa Johnson,howelljennifer@example.com,claytontroy,42.12
626,Nathaniel Nelson,jenniferroberts@example.org,lpalmer,33.75
627,Amanda French DVM,brobinson@example.org,waltermatthews,3.91
628,Lisa Lloyd,lynchzoe@example.org,uhobbs,68.05
629,Kevin Flores,kmorgan@example.net,brianna34,8.17
630,Cynthia Sherman,coletony@example.net,christopher87,88.74
631,Anthony Wells,jesseanderson@example.net,john90,71.84
632,Michael Liu,cheryl30@example.com,devonkim,90.63
633,Denise Brown,fbrown@example.com,gonzalesbrian,59.23
634,Mitchell Martin,derek53@example.com,eddiehanson,70.43
635,Jaclyn Phillips,wilsonrobert@example.net,andrewyang,60.85
636,Joshua Adams,amandanixon@example.net,mwoods,75.45
637,Amber Kim,chloewilson@example.net,katherine63,26.08
638,Nicholas Murray,vking@example.net,mirwin,80.8
639,Mercedes Newman,wtownsend@example.net,leeangela,39.56
640,Michelle Gibson,adamskristen@example.com,carrterri,41.76
641,Cassandra Barrera,gwilliamson@example.net,colemanlaura,22.94
642,Chelsea Martinez,kristenprice@example.com,anne72,44.35
643,Christina Pittman,abigail30@example.org,zunigakaren,8.86
644,Amy Peterson,jessica95@example.org,adam51,43.76
645,Jason Perry,suarezmark@example.net,hectorberry,96.03
646,Michael Marsh,lawrence46@example.org,mmartin,29.0
647,Joshua Martin,jessica95@example.net,cindywagner,66.16
648,Eric Kelley,bowmansally@example.org,woodwardyvonne,70.73
649,Kayla Stout,leah92@example.com,williamgraham,29.25
650,Ashley Cervantes,walkerrebecca@example.com,ttyler,47.11
651,Brian Dorsey,edwardsnancy@example.org,kevin66,55.99
652,Terrence Cole,mary47@example.org,kristina59,47.57
653,Barbara Williams,troyrodriguez@example.com,iphelps,95.94
654,Kelsey Garcia,brittanycarrillo@example.com,samantha79,41.57
655,Kurt Carr,wolfnathaniel@example.org,ojohnston,43.77
656,Jason Houston,nlester@example.net,bucklauren,65.03
657,Toni Dunn,mcollins@example.com,angelakeller,85.3
658,Nicole Gomez,greensandra@example.net,calvin71,48.81
659,Charles Kelly,amypacheco@example.com,mikemccann,56.36
660,Kenneth Carroll,arichmond@example.net,laurenjames,42.95
661,Kimberly Williams,megancolon@example.com,jessica18,11.58
662,Elizabeth Peterson,sarah55@example.net,jilllarson,1.42
663,April Jones,sryan@example.net,vrivera,1.88
664,Victoria Davis,sandramontgomery@example.com,cpowell,1.52
665,Jose Garcia,ashleyharris@example.com,melissarichardson,15.75
666,Steven Lee,rebeccapineda@example.org,egoodwin,20.54
667,Cathy Martinez MD,christina28@example.com,robertadams,50.38
668,Jeffery Ochoa,twilliamson@example.com,april01,39.22
669,Amy Terrell,sarah27@example.com,susangarcia,16.76
670,Jacob Mcbride,emily99@example.org,john89,0.63
671,Shelly Flores,kerry79@example.net,kimwebb,89.6
672,Kelly Harris,heidi24@example.com,paceashley,39.64
673,Donna Herrera,jcuevas@example.com,jeffreyreese,88.53
674,Jacob Wise,bateslynn@example.net,johnsonmegan,48.82
675,Kevin Cobb,mrobinson@example.org,hicksbradley,52.78
676,Sean Clark,jason16@example.org,kathleen88,6.61
677,Ryan Little,nicholas98@example.org,williamthompson,94.71
678,Katie Nichols,wmiller@example.com,shanegutierrez,24.95
679,Andrew Allison,justin53@example.org,robertjones,15.2
680,Patricia Chandler,woodwardmark@example.org,herreramichael,46.74
681,Jo Thomas,gharris@example.com,lisanichols,46.63
682,Joshua Peterson,larry38@example.org,stacey29,3.26
683,Ashley Mccoy,beverlydoyle@example.org,mirandahuerta,25.26
684,Courtney Melton,andrewgarcia@example.org,daywayne,1.63
685,William Brown,odavis@example.org,anthonychristopher,63.28
686,Diane Rogers,davistraci@example.net,pbailey,71.48
687,Daniel Jackson,teresa30@example.com,raymond03,95.48
688,Steven Wilson,charrison@example.net,brichardson,22.85
689,Julia Gallegos,parkercasey@example.com,kevin21,16.99
690,Heather Briggs,jmccullough@example.org,piercebrittany,46.63
691,Kathleen Boyd,edgar40@example.org,collinsshelia,6.25
692,Donna Ward,ahoffman@example.net,enelson,11.44
693,Amy Ingram,paul17@example.org,lpace,21.83
694,Michael Williams,kaylaalvarado@example.net,pbecker,48.28
695,Lisa Carpenter,pgarza@example.net,julie97,92.97
696,Brandon Campbell,pattyballard@example.net,bowenangela,28.7
697,Matthew Miller,juliesanchez@example.net,hicksamber,28.17
698,Thomas Daniels,scott62@example.org,greenekeith,1.82
699,Jessica Harris,vasquezmelissa@example.net,frankscott,86.52
700,Matthew West,emily77@example.net,kevin88,72.33
701,Alan Carter,lovecameron@example.net,carlosmurphy,26.02
702,Shannon White,erikabarnes@example.net,roberteaton,46.06
703,John Ramsey,tara02@example.net,djennings,23.46
704,Crystal Kirby,maryfields@example.net,bnguyen,78.45
705,Brandon French,hking@example.net,donald83,1.59
706,Kimberly Bailey,zmurray@example.org,wpacheco,6.41
707,Catherine Delacruz,chelsea47@example.com,ericabaldwin,19.55
708,Robert Dennis,jasmine95@example.org,patrick25,18.63
709,Robert Simmons,stantonmichael@example.com,rebeccasanford,52.03
710,Jason Myers,morajohn@example.net,qmartinez,79.49
711,Jonathan Washington,mannfrances@example.net,nkaiser,27.31
712,Kenneth Gonzalez,kristopher25@example.com,sandra79,32.65
713,Austin Hall,garciatravis@example.net,tmcclain,89.55
714,Charles Torres,ygibson@example.org,theresaalexander,58.86
715,Deborah Blackwell,aunderwood@example.org,taylorethan,0.85
716,Lisa Romero,david44@example.org,amanda40,76.68
717,Michelle May,stacywebster@example.net,fjefferson,3.92
718,Tammy Thomas,annettemartinez@example.org,howard69,68.64
719,William Gonzales,melissaharris@example.net,williamsrandall,13.32
720,Jason Tyler,kennedymia@example.com,murphyanthony,56.9
721,Laura Cardenas,pamela03@example.net,christophersmith,71.09
722,Haley Garcia,sherricohen@example.net,hcarney,77.27
723,Kathleen Jenkins,jessicagutierrez@example.org,edward81,30.62
724,Allen Sampson,neil16@example.org,pthompson,47.45
725,John Smith,jameswright@example.net,brian33,88.04
726,Tiffany Jones,austincoleman@example.com,lauramcpherson,21.54
727,Lucas Wagner,omann@example.com,carl45,63.77
728,Kenneth Morris,ashley39@example.com,dennis38,31.24
729,Ashley Robinson,whitney47@example.com,jamesgalvan,37.02
730,Craig Hawkins,fschroeder@example.net,chaynes,34.22
731,Jeremy Nguyen,lisa49@example.com,wrivera,23.56
732,Kim Pittman,harrisdaniel@example.org,tiffanystark,33.3
733,David Abbott,georgemargaret@example.com,joy81,98.4
734,Sierra Hayes,ajohnson@example.com,jason11,89.12
735,Keith Wells,butlerallison@example.com,nancy43,86.82
736,Michael Lee,ortizangela@example.com,mharper,38.8
737,Katherine Hall,bhall@example.com,ymedina,17.82
738,Kenneth Powers,brandon66@example.org,griffinstephanie,8.64
739,Tanner Wheeler,gregorybrandi@example.org,jmckenzie,97.68
740,Heather Perez,andrewschmidt@example.net,donaldsmith,38.58
741,Hannah White,darlenewallace@example.com,christinewallace,11.12
742,Robert Woods,amy20@example.net,jessica72,22.31
743,Diane Bailey,jasonbuck@example.com,woodandrew,26.62
744,Phillip Osborne,velazquezvincent@example.org,kevin38,29.68
745,Christina Flores,troyvalencia@example.net,stevenbaker,35.9
746,Justin Murphy,brentgarcia@example.org,scottmahoney,58.74
747,Kelly Nelson,albertgonzalez@example.net,rrodriguez,48.82
748,Brad Williams,johnwarren@example.net,zwest,75.3
749,Ronald Lopez,john93@example.com,kayla98,28.5
750,Joshua Pierce,robert98@example.org,josephpayne,60.37
751,Michael Bennett,alison41@example.org,timothyvargas,65.32
752,Kendra Johnson,michelle59@example.net,cookbrian,85.83
753,Patricia Watkins,joannahudson@example.com,kennedyisaiah,83.43
754,Karla Lopez,hesteramy@example.com,roger03,62.53
755,Dr. Lori Brennan,aprilmiller@example.net,joserivas,76.66
756,Joshua Nelson,stacy02@example.net,tmcclain,18.9
757,Stephanie Howe,gstevens@example.net,morganherrera,97.08
758,Brooke Rios,trevinojessica@example.com,michelle02,52.22
759,Dominic Cruz,tcook@example.com,blackvictoria,92.97
760,Micheal Walters,trichardson@example.net,andrew00,31.67
761,Leslie Brown,matthew63@example.com,speterson,68.73
762,Yvonne Wise,chambersdeanna@example.net,robertskevin,46.89
763,Emma Flores,yhoffman@example.net,debbie52,56.28
764,Anthony Middleton,tammynovak@example.com,bmckee,7.08
765,Breanna Love,daniel02@example.net,valerie70,75.45
766,Andrew Bryant,dmcbride@example.com,erinroberts,65.28
767,Jennifer Olsen,robertparks@example.org,mflores,12.83
768,Joshua Wilson,walkerpatrick@example.net,jesseguerrero,14.68
769,Brooke Fox,vincentmurphy@example.net,rodgerspam,70.47
770,Alexander Evans,kristinawright@example.com,martin93,33.66
771,Jacob Sullivan,wcampos@example.net,rsanders,57.53
772,Gregory Osborn,sean70@example.org,qmeadows,22.6
773,Charles Sparks,cohenrachael@example.com,sylviaramirez,17.84
774,John Mitchell,andrewwatts@example.com,laurahernandez,36.55
775,Paul Harris,kimberlyjones@example.net,gibsonjonathan,51.18
776,Ariana Parks,toddcheryl@example.net,matthewwebb,42.19
777,Mrs. Emily Johnson,cortezmarc@example.org,diana58,59.74
778,Lee Atkinson,michael64@example.net,davemcdaniel,68.73
779,Robert Livingston,steve00@example.org,wmartinez,39.54
780,Glen Vasquez,dgonzales@example.net,jstewart,49.96
781,John Perez,hendersonbrittany@example.org,jasongarcia,21.91
782,Tony Duffy,gsteele@example.org,laura20,73.28
783,Kathleen Thomas,rfaulkner@example.net,david27,46.65
784,Jill Perkins,robertperkins@example.org,dennis41,81.35
785,Alan Sanders,kinggregory@example.com,hayesbrandon,26.76
786,Michelle Johnson,donnamejia@example.net,courtneyhayes,10.62
787,Eric Johnson,patrick72@example.net,sandra12,95.23
788,Kathleen Peterson,gregorybryant@example.org,antonioguerrero,1.15
789,Jason Washington,edwardserik@example.com,richardleblanc,29.39
790,Rachel Martinez,troylloyd@example.net,ryanlynn,31.0
791,Carl Wheeler,fdrake@example.org,allison48,73.85
792,Sydney Cuevas,stephen84@example.org,xsullivan,86.79
793,Kimberly Hess,mannmark@example.com,aaronpage,10.9
794,Eric Bishop,xrios@example.org,orobles,64.86
795,Jessica Reilly,banderson@example.org,kristen06,13.01
796,Erica Harrison,graygregory@example.com,amanda94,33.26
797,Lonnie Stevenson,deborah67@example.net,chad75,91.85
798,Tina Montgomery,areed@example.org,perryvictoria,64.74
799,Elizabeth Savage,dbishop@example.org,bishopjeremy,0.3
800,Danielle Franklin,tnewton@example.org,christopherhess,8.1
801,Matthew Smith,brian41@example.com,alexandramiller,91.61
802,Bridget Landry,meghan61@example.com,amartinez,17.92
803,Edward Carter,ppeck@example.net,mitchellcarolyn,2.96
804,Katrina Wilson,aclark@example.org,moorejames,98.23
805,Jenna Hernandez,kyle29@example.com,sandovalsarah,74.67
806,Yvette Moody,isabellaallen@example.org,virginiaroberts,59.63
807,Robert Castaneda,qreyes@example.com,elizabethbeck,74.26
808,Walter Hernandez,wvelez@example.com,simmonsbrandon,10.97
809,Susan Harding,avilamichelle@example.net,acombs,80.92
810,Janet Mcbride,stanleymary@example.net,trujilloalexis,10.67
811,Mrs. Lauren Jimenez,jeffreyadams@example.org,jeffrey94,46.28
812,Ashley Park,jamie07@example.net,penamichael,84.76
813,Jenna Myers,deniseowens@example.com,murphypeter,99.0
814,Derek Fleming,annettegarner@example.com,millerkimberly,84.3
815,Christina Atkins,vickiedalton@example.org,jeffrey79,89.89
816,Michelle Craig,sherry34@example.org,pbraun,48.77
817,David Webb,peterscharles@example.org,timothy62,5.75
818,Chelsea Meyer,frodriguez@example.org,hansenbrittany,31.19
819,Paul Campbell,taylorkevin@example.com,kelly56,3.81
820,Mark Wilson,ucallahan@example.org,ortegamichael,3.52
821,Stephanie Walters,philip51@example.org,ronald57,52.73
822,Amanda Mccann,cynthia33@example.org,yateslori,45.54
823,Noah Harris,michelletravis@example.net,averyadam,79.64
824,Jennifer Orr,daniellewalker@example.org,wilsondavid,76.86
825,Debra Jordan,allenjeffery@example.org,mannrobert,2.91
826,Eric Davis,zachary49@example.com,hendersoncristian,69.39
827,Thomas Johnson,lsalazar@example.com,danielmurray,91.53
828,Shannon Horne,rebeccayoung@example.org,trannicole,85.15
829,John Campbell Jr.,claudiahanson@example.org,christopher72,67.56
830,Susan Tanner,wpeterson@example.com,coloncrystal,42.67
831,Abigail Phelps,brittneynunez@example.com,longjessica,20.68
832,Sharon Lewis,stacy97@example.net,jonathansanders,9.05
833,Andrew Ferrell,michelle26@example.org,edwarddawson,76.42
834,Regina Davidson,elizabethnewton@example.net,karen33,93.94
835,Sarah Manning,amanda16@example.com,lisavelasquez,47.71
836,Jamie Wang,tgregory@example.org,frazieremma,93.7
837,Eric Barber,englishcorey@example.com,wwarner,33.22
838,Robert Stevens,penningtonkimberly@example.net,hollowaytamara,37.15
839,John Hill,rojasrebecca@example.org,troypetersen,75.88
840,Ray Rice,dennis27@example.org,plopez,56.33
841,Roy Little,nina81@example.com,wlane,42.85
842,Patrick Wilson,stephanie07@example.com,richard22,18.97
843,Wanda Lopez,znorton@example.net,agrimes,64.03
844,Daniel Salas,leonardchristopher@example.com,alisonharris,43.67
845,Allison Cummings,johnsmith@example.org,victor00,8.52
846,Rodney Williams,chad56@example.org,irwinjessica,80.55
847,Annette Banks,nmorrow@example.com,courtneyjohnson,40.52
848,Tina Martin,juanpratt@example.com,masseyeileen,83.48
849,Erik Harris,qvillarreal@example.org,ramirezjennifer,73.1
850,Tyrone Lewis,jsmith@example.com,gregory90,74.07
851,Tony Nelson,whitecarlos@example.net,kmeza,46.03
852,Daniel Torres,smithjessica@example.org,brandon58,33.62
853,Gloria Huffman,edwardcooper@example.org,efisher,91.31
854,Chad Shaw,uhumphrey@example.org,bennettkristina,76.27
855,Judith Davidson,wwilson@example.com,pereztamara,49.76
856,Teresa Matthews,pramirez@example.net,lindareeves,26.52
857,Marie Suarez,williamshaley@example.net,woodskeith,19.65
858,Tammy Davis,davidalexandra@example.net,hannahmorse,91.4
859,Brittany Hernandez,khicks@example.com,lewistammy,49.35
860,Teresa Meyers,michaelyoung@example.com,ysanchez,33.18
861,James Hester,gregoryclark@example.org,angelawest,88.28
862,Russell Williams DDS,scott25@example.com,elliottronnie,59.09
863,Heather Jones,joel91@example.org,nwolfe,21.7
864,Kathleen Gillespie,wfleming@example.org,jordanjohn,41.81
865,Jerry Thompson,lori96@example.net,mikehiggins,6.64
866,Anthony Brady,james26@example.net,savannah03,92.76
867,Anna White,estradacharles@example.net,goodchristopher,67.14
868,Mary Taylor,mhobbs@example.com,lynnjacobs,69.77
869,Toni Adams,philipesparza@example.com,karenmiller,36.29
870,Timothy Wilson,xallen@example.com,nicole26,6.38
871,Steven Rodriguez,darlene09@example.net,lsandoval,50.88
872,James Hayes,vscott@example.net,stephanie28,36.92
873,Julia Turner,julie22@example.org,richardbrown,86.59
874,Vicki Coleman,uprice@example.net,myerskeith,78.13
875,Dana Wang,mary54@example.net,sgonzalez,15.34
876,Christine Lowe,glenntheresa@example.com,jennifer90,91.7
877,Heather Lane,vandersen@example.net,ashley87,38.44
878,Lisa Kline,gallaghervanessa@example.net,yedwards,80.4
879,Brian Coleman,bpeck@example.org,kevinmurphy,77.46
880,Brittany Evans,calvinpeters@example.org,nicholsdavid,34.52
881,Michael Powell,ucalderon@example.net,joshua96,53.32
882,Jeffrey Thomas,brianna03@example.org,allison91,57.05
883,David Moore,hunter98@example.com,michael90,70.62
884,Cole Barker,hillbradley@example.net,ulang,42.97
885,Megan Brown,hendersonangela@example.com,amymitchell,83.75
886,Scott Lane,wnunez@example.com,kenneth17,25.83
887,Gail White,maryspencer@example.com,tdaniels,88.66
888,Daniel Bauer,larsonadam@example.net,richardsonjulian,14.26
889,John Cain,katrina68@example.com,garciajennifer,74.19
890,Dawn Young,christian38@example.org,conwayandrew,71.02
891,Stephen Best,chiggins@example.com,xcooper,49.85
892,Angela Valencia,xmartin@example.net,doylemichael,98.51
893,Jon Robinson,jennifer88@example.com,martinpaul,21.33
894,Debra Evans,zmcdonald@example.net,burnettnatasha,68.02
895,Janice Williams,cynthiaramos@example.com,wroberson,79.47
896,Sylvia Harris,wrightheather@example.net,shahmichael,90.13
897,Brian Davis,zacharypatel@example.net,perezevelyn,90.08
898,Laura Graves,curtis02@example.net,mark33,1.83
899,Brittany Reeves,psexton@example.net,warrenjason,66.41
900,Crystal Baldwin,christopherdean@example.com,patrickcody,86.91
901,Brendan Thomas,ovaughn@example.net,garciamonique,16.03
902,Matthew Jensen Jr.,adamsmichael@example.com,coconnor,21.42
903,Robert Williams,markmckinney@example.com,bsweeney,61.55
904,Michael Callahan,clarkbailey@example.net,scott16,45.08
905,Briana Murphy,brianlopez@example.com,zpaul,36.12
906,Michael Dawson,andreawells@example.net,millerphyllis,70.98
907,Shane Garcia,lewisemily@example.com,qwatts,68.64
908,Heather Ho,jvasquez@example.com,xbell,14.67
909,James Swanson,holtwilliam@example.net,qhudson,41.67
910,Frank Gallagher,martinmichael@example.org,ybrown,56.73
911,Joanna Hill,peckamanda@example.com,kaitlynball,91.56
912,Julie Adams,thompsonemily@example.net,silvaalyssa,86.12
913,Chase Johnson,teresa61@example.net,lamnicholas,79.81
914,Dillon Mccormick,reedtimothy@example.org,linjohn,53.3
915,Robert Thomas,christopherrichardson@example.org,loganthompson,30.96
916,Randy Ross,kgriffin@example.net,nathankennedy,18.84
917,Brian Rice,josephleonard@example.com,morenorobert,22.7
918,Andrea Wheeler,robinsonmorgan@example.com,ualvarez,20.61
919,Dan Adams,feliciakerr@example.net,brendaadams,34.19
920,Thomas Burns,ujones@example.org,whitekenneth,37.41
921,Nicholas Wilcox,shelby49@example.com,hermanbrianna,93.38
922,Alice Brown,anthonykelly@example.net,jnolan,3.56
923,Maurice Larsen,andersoncody@example.org,pattersonharold,85.42
924,Kelly Smith,ayalajoyce@example.com,donnarivera,97.5
925,Melvin Turner,zacharyschultz@example.org,newtonellen,88.48
926,Hayley Tran,richard88@example.com,tmcguire,70.59
927,Shane Riddle,normannathaniel@example.net,juanbaker,81.97
928,John Sheppard,alecmullins@example.com,sandersmichael,55.36
929,Natasha Stewart,kevinharmon@example.net,duffyjoseph,15.63
930,David Sharp,james09@example.com,floresandrew,77.11
931,Alexis Powell,jessica23@example.org,taylor87,21.29
932,Aaron Odom,jamesberger@example.com,ywallace,19.02
933,Brandy Pineda,austinwright@example.net,matthew06,19.54
934,Nicholas Wade,rodriguezlisa@example.com,nrobinson,61.53
935,Donald Contreras,camposjames@example.com,olivererika,19.62
936,Richard Pineda,zamorawendy@example.org,deborah27,1.2
937,Mary Gill,wardcourtney@example.com,joseph64,56.09
938,Sean Richards,johnjackson@example.com,kylebyrd,72.18
939,John Becker,andrewwatts@example.net,donnavilla,7.75
940,Vincent Rodriguez,salazarjesse@example.com,jack50,29.4
941,Michaela Miller,russellchristopher@example.net,allenpark,79.6
942,Kelly Green,jeffreyross@example.net,lauralamb,61.81
943,Tiffany Cardenas,wshelton@example.net,robertsdrew,42.05
944,Nicole Little,thomasjavier@example.org,ginapatterson,22.65
945,Robert Ward,stephaniepennington@example.com,wendy91,2.91
946,Christopher Bond Jr.,oburke@example.org,cjensen,35.69
947,Dr. Harold Daniel,jessicadavis@example.org,kimpatricia,99.83
948,Mark Scott,julia78@example.com,mcculloughmichelle,29.65
949,Gary Anderson,taylorelizabeth@example.com,kennedykimberly,94.96
950,Micheal Tucker DVM,raymond95@example.org,leefrank,68.98
951,Ashley Sims,grosales@example.org,vrandall,24.01
952,Dennis Hester,nanderson@example.net,barbarawheeler,94.52
953,John Gill,kevin25@example.org,chelseapope,82.81
954,Tiffany Graham,hicksalexander@example.net,ronniepotts,6.52
955,Tracy Dougherty,ivillanueva@example.com,zjones,55.35
956,Melissa Pena,ulopez@example.net,kimberlygross,16.29
957,Matthew Berg,johnsonjustin@example.net,taylorandrea,89.11
958,Jonathon Mason,nicolepatel@example.org,robertsmith,46.07
959,Tyler Watson Jr.,mitchell35@example.org,patelsharon,2.36
960,Linda Martinez,dominguezthomas@example.org,williamwilson,74.3
961,Breanna Fuller,oconrad@example.net,samantha21,27.66
962,Courtney Cooper,rodriguezkimberly@example.org,gutierrezcrystal,8.27
963,Michelle Lewis,ortizkatherine@example.net,johnathan84,4.41
964,Kimberly Smith,ltran@example.net,williamdavis,9.55
965,Chelsey Burke,danielbrown@example.net,watkinscharlene,60.15
966,Angel Carson,robertshepherd@example.net,robert48,30.4
967,Robin Walton,bwise@example.com,jenniferfowler,14.05
968,Jorge Horton,joseph73@example.com,aaronfinley,68.47
969,Marie Carpenter,fbrown@example.com,nathanwilliams,66.2
970,Stephanie Lee,zsmith@example.net,kelly11,89.36
971,Ian Johnson,crystal09@example.com,dereklewis,44.31
972,Glen Gutierrez,lescott@example.com,rebecca60,56.09
973,Wesley Smith,williamtyler@example.org,robert61,85.92
974,Jason Cruz,pford@example.net,hernandezjennifer,19.88
975,Daniel Schmitt,sean35@example.org,zgarcia,34.6
976,David Olson,boydmarcia@example.net,carlsonamanda,68.5
977,Stephanie Bradley,conradedward@example.org,matthewnewton,39.87
978,Sandra Martin,zunigapaul@example.com,aprilperez,41.45
979,Mary Ortega,langkelly@example.net,adrianamontes,55.17
980,Theresa Ortiz,jacksontheresa@example.com,selena63,46.46
981,Nathan Edwards,beardcynthia@example.org,sandrajohnson,79.94
982,Robert Nunez,ronaldspencer@example.org,andreajones,30.94
983,Mr. Randy Phelps,masonkathleen@example.com,matthewarnold,20.23
984,Christine Malone,miranda49@example.org,melissa50,43.82
985,Betty Craig,wilkersondavid@example.net,alexandra99,50.58
986,Charles Johnson,smithjavier@example.com,arnoldfrank,19.97
987,James Moran,keith79@example.org,staceyroy,17.58
988,Michael Sharp,elizabeth72@example.org,ricksharp,79.77
989,Elizabeth Smith,timothybrown@example.com,brookeroman,51.8
990,Dr. Susan Harris,xreid@example.com,sarah63,17.36
991,Dr. Amanda Anderson,christophersanders@example.net,gonzalezandrew,81.59
992,Angela Wright,cheyennecox@example.net,richardbriggs,17.52
993,Monica Chapman,uwright@example.org,pfoster,64.26
994,Robert Clark,kimberly19@example.net,nwilson,5.53
995,Joann Hancock,ramosmark@example.org,blairheather,85.92
996,Katherine Abbott,karlareilly@example.org,kevinbaldwin,24.06
997,Christina Flores,gjackson@example.org,daniel84,20.52
998,Jacob Quinn,aguilarpatrick@example.net,amber85,23.81
999,Samantha Johnson,kristinwilliams@example.net,hernandeztodd,15.42
1000,Debbie Fernandez,bergerbonnie@example.org,mcisneros,80.71
